Никитин,Даниил,Денисович
Соколов,Ярослав,Иванович
Михайлова,Варвара,Марковна
Куликова,Малика,Львовна
Кошелев,Корнелий,Улебович
Агафонов,Анатолий,Дмитрьевич
Тетерин,Герасим,Якунович
Белозёров,Аким,Митрофанович
Фомичёв,Агафон,Святославович
Жданов,Эльдар,Робертович
Нестеров,Леонтий,Георгиевич
Никитин,Касьян,Григорьевич
Филиппова,Луиза,Еремеевна
Мышкина,Юлия,Александровна
Наумова,Каролина,Степановна
Баранова,Северина,Якуновна
Сергеева,Адельфина,Рубеновна
Сидорова,Харита,Мэлсовна
Федотова,Лайма,Демьяновна
Филатова,Келен,Владиславовна
